y_test_last,output_model_1,output_model_2,output_model_3,output_model_4
124.42453,124.98253,123.93128,124.74061,124.51338
125.010635,125.6184,124.89463,125.36884,125.15346
125.589096,126.13254,125.155174,126.003914,125.782196
126.159645,126.62618,125.89526,126.623955,126.38486
126.722046,127.129845,126.412994,127.23176,126.96264
127.27608,127.64306,126.98556,127.82719,127.51748
127.821556,128.15222,127.56011,128.40784,128.05316
128.35832,128.65207,128.09583,128.96858,128.57286
128.88623,129.14893,128.64986,129.50659,129.07933
129.40515,129.64874,129.1756,130.02328,129.5742
129.91501,130.15147,129.69948,130.52165,130.05788
130.4157,130.65268,130.21417,131.00533,130.53076
130.90717,131.1476,130.71916,131.47742,130.99457
131.38937,131.63365,131.22289,131.9408,131.45349
131.86227,132.11015,131.71953,132.39743,131.91273
132.32588,132.57698,132.21413,132.8473,132.37666
132.78157,133.03432,132.70192,133.28978,132.84639
133.25253,133.48195,133.18205,133.72557,133.31888
133.8171,133.92017,133.6521,134.15605,133.78812
134.58702,134.34889,134.11012,134.58183,134.24628
135.64497,135.89075,135.60164,135.72316,135.90027
137.01494,136.71095,136.67761,137.91518,137.62894
138.66707,138.34921,138.68947,139.55469,138.95909
140.532,140.65549,140.49687,140.68095,140.18324
142.51329,142.31956,142.37616,142.79344,142.50333
144.49525,143.75291,144.81915,144.91219,144.46458
146.35042,145.32457,146.8535,146.91277,146.18555
147.95312,147.18184,148.51106,148.18076,147.88112
149.20007,149.03386,150.04489,148.9589,149.20001
150.0272,150.193,150.60603,149.59154,150.17395
150.41452,150.62346,150.68893,150.11005,150.71158
150.37946,150.62492,150.4315,150.50952,150.93063
149.9649,150.3171,149.85846,150.381,150.69244
149.22746,149.66365,148.92336,149.50554,149.90152
148.2279,148.59236,147.70802,148.06151,148.7082
147.02509,147.10704,146.34535,146.56163,147.30008
145.67236,145.64742,144.95348,145.41815,145.8219
144.21594,144.4358,143.63368,143.9452,144.20009
